Image Name,True Label,Predicted Label,Result
Te-gl_0130.jpg,glioma,glioma,Correct
Te-gl_0190.jpg,glioma,glioma,Correct
Te-no_0198.jpg,notumor,notumor,Correct
Te-me_0236.jpg,meningioma,meningioma,Correct
Te-no_0102.jpg,notumor,notumor,Correct
Te-gl_0265.jpg,glioma,glioma,Correct
Te-me_0119.jpg,meningioma,meningioma,Correct
Te-gl_0015.jpg,glioma,glioma,Correct
Te-gl_0115.jpg,glioma,glioma,Correct
Te-pi_0021.jpg,pituitary,pituitary,Correct
Te-pi_0278.jpg,pituitary,pituitary,Correct
Te-me_0141.jpg,meningioma,meningioma,Correct
Te-no_0401.jpg,notumor,notumor,Correct
Te-pi_0243.jpg,pituitary,pituitary,Correct
Te-no_0252.jpg,notumor,notumor,Correct
Te-pi_0195.jpg,pituitary,pituitary,Correct
Te-me_0283.jpg,meningioma,meningioma,Correct
Te-no_0247.jpg,notumor,notumor,Correct
Te-no_0218.jpg,notumor,notumor,Correct
Te-pi_0186.jpg,pituitary,pituitary,Correct
Te-gl_0208.jpg,glioma,glioma,Correct
Te-no_0112.jpg,notumor,notumor,Correct
Te-me_0173.jpg,meningioma,meningioma,Correct
Te-me_0047.jpg,meningioma,meningioma,Correct
Te-me_0225.jpg,meningioma,meningioma,Correct
Te-me_0288.jpg,meningioma,meningioma,Correct
Te-no_0038.jpg,notumor,notumor,Correct
Te-no_0147.jpg,notumor,notumor,Correct
Te-no_0372.jpg,notumor,notumor,Correct
Te-no_0101.jpg,notumor,pituitary,Wrong
Te-pi_0253.jpg,pituitary,pituitary,Correct
Te-gl_0077.jpg,glioma,glioma,Correct
Te-no_0329.jpg,notumor,notumor,Correct
Te-no_0047.jpg,notumor,notumor,Correct
Te-me_0269.jpg,meningioma,meningioma,Correct
Te-me_0248.jpg,meningioma,meningioma,Correct
Te-no_0217.jpg,notumor,notumor,Correct
Te-no_0343.jpg,notumor,notumor,Correct
Te-pi_0182.jpg,pituitary,pituitary,Correct
Te-me_0221.jpg,meningioma,meningioma,Correct
Te-pi_0029.jpg,pituitary,glioma,Wrong
Te-me_0293.jpg,meningioma,meningioma,Correct
Te-pi_0159.jpg,pituitary,pituitary,Correct
Te-me_0073.jpg,meningioma,meningioma,Correct
Te-me_0101.jpg,meningioma,notumor,Wrong
Te-pi_0265.jpg,pituitary,pituitary,Correct
Te-me_0211.jpg,meningioma,glioma,Wrong
Te-pi_0101.jpg,pituitary,pituitary,Correct
Te-no_0158.jpg,notumor,notumor,Correct
Te-pi_0204.jpg,pituitary,pituitary,Correct
Te-me_0248.jpg,meningioma,meningioma,Correct
Te-gl_0181.jpg,glioma,glioma,Correct
Te-gl_0100.jpg,glioma,glioma,Correct
Te-no_0064.jpg,notumor,notumor,Correct
Te-no_0253.jpg,notumor,notumor,Correct
Te-no_0382.jpg,notumor,notumor,Correct
Te-pi_0219.jpg,pituitary,pituitary,Correct
Te-no_0111.jpg,notumor,notumor,Correct
Te-no_0378.jpg,notumor,notumor,Correct
Te-no_0033.jpg,notumor,notumor,Correct
Te-pi_0117.jpg,pituitary,pituitary,Correct
Te-me_0285.jpg,meningioma,meningioma,Correct
Te-no_0281.jpg,notumor,notumor,Correct
Te-gl_0205.jpg,glioma,glioma,Correct
Te-pi_0124.jpg,pituitary,pituitary,Correct
Te-gl_0230.jpg,glioma,pituitary,Wrong
Te-gl_0147.jpg,glioma,glioma,Correct
Te-gl_0021.jpg,glioma,glioma,Correct
Te-me_0051.jpg,meningioma,meningioma,Correct
Te-no_0384.jpg,notumor,notumor,Correct
Te-gl_0086.jpg,glioma,glioma,Correct
Te-pi_0238.jpg,pituitary,pituitary,Correct
Te-no_0346.jpg,notumor,notumor,Correct
Te-pi_0133.jpg,pituitary,pituitary,Correct
Te-gl_0023.jpg,glioma,glioma,Correct
Te-me_0084.jpg,meningioma,meningioma,Correct
Te-noTr_0000.jpg,notumor,notumor,Correct
Te-gl_0140.jpg,glioma,glioma,Correct
Te-me_0053.jpg,meningioma,meningioma,Correct
Te-pi_0246.jpg,pituitary,pituitary,Correct
Te-pi_0127.jpg,pituitary,pituitary,Correct
Te-gl_0067.jpg,glioma,glioma,Correct
Te-pi_0270.jpg,pituitary,pituitary,Correct
Te-no_0035.jpg,notumor,notumor,Correct
Te-pi_0151.jpg,pituitary,pituitary,Correct
Te-me_0207.jpg,meningioma,meningioma,Correct
Te-gl_0256.jpg,glioma,meningioma,Wrong
Te-pi_0048.jpg,pituitary,pituitary,Correct
Te-pi_0075.jpg,pituitary,pituitary,Correct
Te-me_0212.jpg,meningioma,meningioma,Correct
Te-gl_0140.jpg,glioma,glioma,Correct
Te-no_0317.jpg,notumor,notumor,Correct
Te-no_0303.jpg,notumor,notumor,Correct
Te-me_0288.jpg,meningioma,meningioma,Correct
Te-me_0012.jpg,meningioma,meningioma,Correct
Te-pi_0224.jpg,pituitary,pituitary,Correct
Te-no_0331.jpg,notumor,notumor,Correct
Te-pi_0202.jpg,pituitary,pituitary,Correct
Te-me_0225.jpg,meningioma,meningioma,Correct
Te-no_0039.jpg,notumor,notumor,Correct
Te-gl_0174.jpg,glioma,glioma,Correct
Te-me_0129.jpg,meningioma,meningioma,Correct
Te-no_0025.jpg,notumor,notumor,Correct
Te-gl_0028.jpg,glioma,glioma,Correct
Te-no_0123.jpg,notumor,notumor,Correct
Te-gl_0073.jpg,glioma,glioma,Correct
Te-gl_0068.jpg,glioma,meningioma,Wrong
Te-pi_0173.jpg,pituitary,pituitary,Correct
Te-gl_0273.jpg,glioma,pituitary,Wrong
Te-pi_0102.jpg,pituitary,pituitary,Correct
Te-pi_0038.jpg,pituitary,pituitary,Correct
Te-pi_0036.jpg,pituitary,pituitary,Correct
Te-pi_0018.jpg,pituitary,pituitary,Correct
Te-pi_0188.jpg,pituitary,pituitary,Correct
Te-no_0248.jpg,notumor,notumor,Correct
Te-meTr_0004.jpg,meningioma,meningioma,Correct
Te-me_0214.jpg,meningioma,meningioma,Correct
Te-no_0299.jpg,notumor,notumor,Correct
Te-no_0017.jpg,notumor,notumor,Correct
Te-me_0263.jpg,meningioma,glioma,Wrong
Te-pi_0294.jpg,pituitary,pituitary,Correct
Te-pi_0248.jpg,pituitary,pituitary,Correct
Te-gl_0146.jpg,glioma,glioma,Correct
Te-no_0130.jpg,notumor,notumor,Correct
Te-pi_0168.jpg,pituitary,pituitary,Correct
Te-piTr_0000.jpg,pituitary,pituitary,Correct
Te-me_0016.jpg,meningioma,meningioma,Correct
Te-no_0197.jpg,notumor,notumor,Correct
Te-gl_0284.jpg,glioma,glioma,Correct
Te-no_0273.jpg,notumor,notumor,Correct
Te-no_0139.jpg,notumor,notumor,Correct
Te-no_0141.jpg,notumor,notumor,Correct
Te-no_0074.jpg,notumor,notumor,Correct
Te-pi_0126.jpg,pituitary,pituitary,Correct
Te-me_0244.jpg,meningioma,meningioma,Correct
Te-no_0110.jpg,notumor,notumor,Correct
Te-pi_0096.jpg,pituitary,pituitary,Correct
Te-no_0331.jpg,notumor,notumor,Correct
Te-me_0244.jpg,meningioma,meningioma,Correct
Te-me_0156.jpg,meningioma,meningioma,Correct
Te-no_0041.jpg,notumor,notumor,Correct
Te-me_0262.jpg,meningioma,glioma,Wrong
Te-pi_0182.jpg,pituitary,pituitary,Correct
Te-gl_0045.jpg,glioma,meningioma,Wrong
Te-pi_0130.jpg,pituitary,pituitary,Correct
Te-gl_0249.jpg,glioma,glioma,Correct
Te-pi_0234.jpg,pituitary,pituitary,Correct
Te-no_0306.jpg,notumor,notumor,Correct
Te-me_0189.jpg,meningioma,meningioma,Correct
Te-pi_0079.jpg,pituitary,pituitary,Correct
Te-noTr_0003.jpg,notumor,notumor,Correct
Te-pi_0179.jpg,pituitary,pituitary,Correct
Te-pi_0200.jpg,pituitary,pituitary,Correct
Te-me_0290.jpg,meningioma,meningioma,Correct
Te-me_0190.jpg,meningioma,meningioma,Correct
Te-gl_0158.jpg,glioma,glioma,Correct
Te-no_0227.jpg,notumor,notumor,Correct
Te-no_0073.jpg,notumor,notumor,Correct
Te-pi_0144.jpg,pituitary,pituitary,Correct
Te-me_0200.jpg,meningioma,meningioma,Correct
Te-no_0135.jpg,notumor,notumor,Correct
Te-glTr_0002.jpg,glioma,glioma,Correct
Te-no_0403.jpg,notumor,notumor,Correct
Te-me_0163.jpg,meningioma,pituitary,Wrong
Te-no_0083.jpg,notumor,notumor,Correct
Te-no_0050.jpg,notumor,notumor,Correct
Te-gl_0219.jpg,glioma,glioma,Correct
Te-pi_0296.jpg,pituitary,pituitary,Correct
Te-pi_0132.jpg,pituitary,pituitary,Correct
Te-pi_0128.jpg,pituitary,pituitary,Correct
Te-gl_0222.jpg,glioma,glioma,Correct
Te-gl_0052.jpg,glioma,glioma,Correct
Te-gl_0277.jpg,glioma,glioma,Correct
Te-gl_0163.jpg,glioma,glioma,Correct
Te-pi_0297.jpg,pituitary,pituitary,Correct
Te-pi_0083.jpg,pituitary,pituitary,Correct
Te-pi_0263.jpg,pituitary,pituitary,Correct
Te-no_0364.jpg,notumor,notumor,Correct
Te-me_0063.jpg,meningioma,meningioma,Correct
Te-gl_0146.jpg,glioma,glioma,Correct
Te-gl_0195.jpg,glioma,glioma,Correct
Te-no_0377.jpg,notumor,notumor,Correct
Te-me_0273.jpg,meningioma,meningioma,Correct
Te-gl_0219.jpg,glioma,glioma,Correct
Te-me_0227.jpg,meningioma,meningioma,Correct
Te-no_0065.jpg,notumor,notumor,Correct
Te-gl_0299.jpg,glioma,glioma,Correct
Te-no_0148.jpg,notumor,notumor,Correct
Te-no_0125.jpg,notumor,notumor,Correct
Te-me_0011.jpg,meningioma,meningioma,Correct
Te-no_0290.jpg,notumor,notumor,Correct
Te-pi_0236.jpg,pituitary,pituitary,Correct
Te-pi_0072.jpg,pituitary,pituitary,Correct
Te-no_0117.jpg,notumor,notumor,Correct
Te-pi_0290.jpg,pituitary,pituitary,Correct
Te-pi_0117.jpg,pituitary,pituitary,Correct
Te-gl_0022.jpg,glioma,glioma,Correct
Te-no_0133.jpg,notumor,notumor,Correct
Te-gl_0273.jpg,glioma,pituitary,Wrong
Te-pi_0147.jpg,pituitary,pituitary,Correct
Te-pi_0059.jpg,pituitary,pituitary,Correct
Te-no_0368.jpg,notumor,notumor,Correct
Te-no_0397.jpg,notumor,notumor,Correct
Te-pi_0251.jpg,pituitary,pituitary,Correct
Te-gl_0269.jpg,glioma,glioma,Correct
Te-gl_0194.jpg,glioma,glioma,Correct
Te-noTr_0004.jpg,notumor,notumor,Correct
Te-me_0041.jpg,meningioma,meningioma,Correct
Te-gl_0163.jpg,glioma,glioma,Correct
Te-me_0014.jpg,meningioma,notumor,Wrong
Te-me_0026.jpg,meningioma,meningioma,Correct
Te-no_0270.jpg,notumor,notumor,Correct
Te-me_0047.jpg,meningioma,meningioma,Correct
Te-gl_0023.jpg,glioma,glioma,Correct
Te-no_0126.jpg,notumor,notumor,Correct
Te-no_0165.jpg,notumor,notumor,Correct
Te-gl_0274.jpg,glioma,glioma,Correct
Te-pi_0227.jpg,pituitary,pituitary,Correct
Te-gl_0294.jpg,glioma,glioma,Correct
Te-no_0380.jpg,notumor,notumor,Correct
Te-gl_0026.jpg,glioma,glioma,Correct
Te-no_0337.jpg,notumor,notumor,Correct
Te-me_0144.jpg,meningioma,pituitary,Wrong
Te-no_0389.jpg,notumor,notumor,Correct
Te-gl_0229.jpg,glioma,meningioma,Wrong
Te-gl_0035.jpg,glioma,glioma,Correct
Te-pi_0294.jpg,pituitary,pituitary,Correct
Te-gl_0108.jpg,glioma,glioma,Correct
Te-me_0026.jpg,meningioma,meningioma,Correct
Te-gl_0275.jpg,glioma,meningioma,Wrong
Te-gl_0277.jpg,glioma,glioma,Correct
Te-no_0346.jpg,notumor,notumor,Correct
Te-noTr_0005.jpg,notumor,notumor,Correct
Te-no_0369.jpg,notumor,notumor,Correct
Te-gl_0136.jpg,glioma,glioma,Correct
Te-me_0096.jpg,meningioma,meningioma,Correct
Te-pi_0180.jpg,pituitary,pituitary,Correct
Te-gl_0265.jpg,glioma,glioma,Correct
Te-gl_0234.jpg,glioma,meningioma,Wrong
Te-gl_0214.jpg,glioma,glioma,Correct
Te-gl_0231.jpg,glioma,glioma,Correct
Te-pi_0166.jpg,pituitary,pituitary,Correct
Te-gl_0019.jpg,glioma,meningioma,Wrong
Te-me_0278.jpg,meningioma,meningioma,Correct
Te-gl_0118.jpg,glioma,glioma,Correct
Te-pi_0126.jpg,pituitary,pituitary,Correct
Te-me_0129.jpg,meningioma,meningioma,Correct
Te-no_0273.jpg,notumor,notumor,Correct
Te-pi_0148.jpg,pituitary,pituitary,Correct
Te-gl_0288.jpg,glioma,glioma,Correct
Te-no_0033.jpg,notumor,notumor,Correct
Te-me_0305.jpg,meningioma,meningioma,Correct
Te-no_0018.jpg,notumor,notumor,Correct
Te-pi_0044.jpg,pituitary,pituitary,Correct
Te-gl_0138.jpg,glioma,glioma,Correct
Te-no_0120.jpg,notumor,notumor,Correct
Te-gl_0215.jpg,glioma,glioma,Correct
Te-pi_0163.jpg,pituitary,pituitary,Correct
Te-pi_0081.jpg,pituitary,pituitary,Correct
Te-gl_0283.jpg,glioma,glioma,Correct
Te-no_0214.jpg,notumor,notumor,Correct
Te-no_0209.jpg,notumor,notumor,Correct
Te-gl_0226.jpg,glioma,glioma,Correct
Te-no_0133.jpg,notumor,notumor,Correct
Te-no_0172.jpg,notumor,notumor,Correct
Te-me_0141.jpg,meningioma,meningioma,Correct
Te-no_0122.jpg,notumor,notumor,Correct
Te-no_0183.jpg,notumor,notumor,Correct
Te-gl_0032.jpg,glioma,glioma,Correct
Te-gl_0106.jpg,glioma,glioma,Correct
Te-pi_0193.jpg,pituitary,pituitary,Correct
Te-pi_0261.jpg,pituitary,pituitary,Correct
Te-no_0030.jpg,notumor,notumor,Correct
Te-no_0360.jpg,notumor,notumor,Correct
Te-me_0278.jpg,meningioma,meningioma,Correct
Te-gl_0019.jpg,glioma,meningioma,Wrong
Te-gl_0027.jpg,glioma,glioma,Correct
Te-me_0301.jpg,meningioma,meningioma,Correct
Te-pi_0296.jpg,pituitary,pituitary,Correct
Te-pi_0093.jpg,pituitary,pituitary,Correct
Te-pi_0222.jpg,pituitary,pituitary,Correct
Te-no_0314.jpg,notumor,notumor,Correct
Te-no_0301.jpg,notumor,notumor,Correct
Te-me_0229.jpg,meningioma,meningioma,Correct
Te-gl_0085.jpg,glioma,glioma,Correct
Te-no_0266.jpg,notumor,notumor,Correct
Te-me_0167.jpg,meningioma,meningioma,Correct
Te-pi_0273.jpg,pituitary,pituitary,Correct
Te-no_0150.jpg,notumor,notumor,Correct
Te-pi_0273.jpg,pituitary,pituitary,Correct
Te-gl_0033.jpg,glioma,glioma,Correct
Te-pi_0027.jpg,pituitary,pituitary,Correct
Te-no_0055.jpg,notumor,notumor,Correct
Te-me_0275.jpg,meningioma,meningioma,Correct
Te-pi_0204.jpg,pituitary,pituitary,Correct
Te-gl_0075.jpg,glioma,glioma,Correct
Te-no_0382.jpg,notumor,notumor,Correct
Te-no_0157.jpg,notumor,notumor,Correct
Te-pi_0031.jpg,pituitary,pituitary,Correct
Te-no_0082.jpg,notumor,notumor,Correct
Te-no_0361.jpg,notumor,notumor,Correct
Te-me_0210.jpg,meningioma,meningioma,Correct
Te-pi_0049.jpg,pituitary,pituitary,Correct
Te-gl_0203.jpg,glioma,glioma,Correct
Te-no_0250.jpg,notumor,notumor,Correct
Te-no_0048.jpg,notumor,notumor,Correct
Te-no_0225.jpg,notumor,notumor,Correct
Te-pi_0081.jpg,pituitary,pituitary,Correct
Te-pi_0057.jpg,pituitary,pituitary,Correct
Te-me_0188.jpg,meningioma,meningioma,Correct
Te-me_0213.jpg,meningioma,meningioma,Correct
Te-pi_0030.jpg,pituitary,pituitary,Correct
Te-pi_0094.jpg,pituitary,pituitary,Correct
Te-me_0220.jpg,meningioma,meningioma,Correct
Te-pi_0269.jpg,pituitary,pituitary,Correct
Te-me_0246.jpg,meningioma,meningioma,Correct
Te-no_0088.jpg,notumor,notumor,Correct
Te-pi_0192.jpg,pituitary,pituitary,Correct
Te-pi_0031.jpg,pituitary,pituitary,Correct
Te-pi_0019.jpg,pituitary,pituitary,Correct
Te-pi_0057.jpg,pituitary,pituitary,Correct
Te-gl_0010.jpg,glioma,glioma,Correct
Te-pi_0120.jpg,pituitary,pituitary,Correct
Te-gl_0067.jpg,glioma,glioma,Correct
Te-pi_0186.jpg,pituitary,pituitary,Correct
Te-gl_0172.jpg,glioma,glioma,Correct
Te-gl_0057.jpg,glioma,glioma,Correct
Te-me_0046.jpg,meningioma,meningioma,Correct
Te-gl_0264.jpg,glioma,glioma,Correct
Te-gl_0057.jpg,glioma,glioma,Correct
Te-pi_0075.jpg,pituitary,pituitary,Correct
Te-pi_0107.jpg,pituitary,pituitary,Correct
Te-me_0177.jpg,meningioma,meningioma,Correct
Te-me_0266.jpg,meningioma,meningioma,Correct
Te-me_0299.jpg,meningioma,meningioma,Correct
Te-pi_0147.jpg,pituitary,pituitary,Correct
Te-gl_0182.jpg,glioma,glioma,Correct
Te-me_0218.jpg,meningioma,glioma,Wrong
Te-me_0098.jpg,meningioma,meningioma,Correct
Te-gl_0118.jpg,glioma,glioma,Correct
Te-no_0355.jpg,notumor,notumor,Correct
Te-gl_0130.jpg,glioma,glioma,Correct
Te-no_0256.jpg,notumor,notumor,Correct
Te-gl_0104.jpg,glioma,glioma,Correct
Te-pi_0202.jpg,pituitary,pituitary,Correct
Te-meTr_0004.jpg,meningioma,meningioma,Correct
Te-no_0346.jpg,notumor,notumor,Correct
Te-me_0011.jpg,meningioma,meningioma,Correct
Te-me_0093.jpg,meningioma,meningioma,Correct
Te-no_0381.jpg,notumor,notumor,Correct
Te-me_0236.jpg,meningioma,meningioma,Correct
Te-no_0318.jpg,notumor,notumor,Correct
Te-gl_0053.jpg,glioma,glioma,Correct
Te-pi_0096.jpg,pituitary,pituitary,Correct
Te-no_0254.jpg,notumor,notumor,Correct
Te-gl_0166.jpg,glioma,glioma,Correct
Te-me_0136.jpg,meningioma,meningioma,Correct
Te-gl_0193.jpg,glioma,glioma,Correct
Te-gl_0032.jpg,glioma,glioma,Correct
Te-pi_0199.jpg,pituitary,pituitary,Correct
Te-gl_0103.jpg,glioma,glioma,Correct
Te-gl_0071.jpg,glioma,glioma,Correct
Te-gl_0128.jpg,glioma,glioma,Correct
Te-me_0091.jpg,meningioma,notumor,Wrong
Te-pi_0127.jpg,pituitary,pituitary,Correct
Te-pi_0054.jpg,pituitary,pituitary,Correct
Te-gl_0143.jpg,glioma,glioma,Correct
Te-me_0163.jpg,meningioma,pituitary,Wrong
Te-no_0105.jpg,notumor,notumor,Correct
Te-pi_0153.jpg,pituitary,pituitary,Correct
Te-me_0065.jpg,meningioma,meningioma,Correct
Te-no_0030.jpg,notumor,notumor,Correct
Te-gl_0244.jpg,glioma,glioma,Correct
Te-pi_0180.jpg,pituitary,pituitary,Correct
Te-gl_0114.jpg,glioma,glioma,Correct
Te-gl_0091.jpg,glioma,glioma,Correct
Te-no_0106.jpg,notumor,notumor,Correct
Te-gl_0089.jpg,glioma,glioma,Correct
Te-no_0352.jpg,notumor,notumor,Correct
Te-gl_0225.jpg,glioma,glioma,Correct
Te-gl_0125.jpg,glioma,meningioma,Wrong
Te-me_0201.jpg,meningioma,meningioma,Correct
Te-gl_0260.jpg,glioma,glioma,Correct
Te-no_0018.jpg,notumor,notumor,Correct
Te-no_0026.jpg,notumor,notumor,Correct
Te-me_0019.jpg,meningioma,meningioma,Correct
Te-pi_0289.jpg,pituitary,pituitary,Correct
Te-no_0310.jpg,notumor,notumor,Correct
Te-gl_0047.jpg,glioma,glioma,Correct
Te-pi_0089.jpg,pituitary,pituitary,Correct
Te-no_0273.jpg,notumor,notumor,Correct
Te-pi_0259.jpg,pituitary,pituitary,Correct
Te-me_0123.jpg,meningioma,glioma,Wrong
Te-pi_0268.jpg,pituitary,pituitary,Correct
Te-me_0056.jpg,meningioma,meningioma,Correct
Te-no_0286.jpg,notumor,notumor,Correct
Te-pi_0045.jpg,pituitary,pituitary,Correct
Te-pi_0011.jpg,pituitary,pituitary,Correct
Te-me_0303.jpg,meningioma,meningioma,Correct
Te-me_0187.jpg,meningioma,glioma,Wrong
Te-pi_0118.jpg,pituitary,pituitary,Correct
Te-me_0181.jpg,meningioma,meningioma,Correct
Te-gl_0198.jpg,glioma,glioma,Correct
Te-me_0102.jpg,meningioma,glioma,Wrong
Te-gl_0248.jpg,glioma,glioma,Correct
Te-me_0280.jpg,meningioma,glioma,Wrong
Te-pi_0132.jpg,pituitary,pituitary,Correct
Te-pi_0082.jpg,pituitary,pituitary,Correct
Te-me_0018.jpg,meningioma,meningioma,Correct
Te-no_0244.jpg,notumor,notumor,Correct
Te-me_0231.jpg,meningioma,pituitary,Wrong
Te-gl_0185.jpg,glioma,glioma,Correct
Te-me_0034.jpg,meningioma,meningioma,Correct
Te-no_0062.jpg,notumor,notumor,Correct
Te-no_0391.jpg,notumor,notumor,Correct
Te-no_0217.jpg,notumor,notumor,Correct
Te-gl_0280.jpg,glioma,glioma,Correct
Te-gl_0137.jpg,glioma,glioma,Correct
Te-no_0335.jpg,notumor,notumor,Correct
Te-gl_0258.jpg,glioma,glioma,Correct
Te-no_0109.jpg,notumor,notumor,Correct
Te-pi_0218.jpg,pituitary,pituitary,Correct
Te-me_0143.jpg,meningioma,meningioma,Correct
Te-me_0119.jpg,meningioma,meningioma,Correct
Te-gl_0090.jpg,glioma,glioma,Correct
Te-pi_0143.jpg,pituitary,pituitary,Correct
Te-gl_0156.jpg,glioma,glioma,Correct
Te-gl_0086.jpg,glioma,glioma,Correct
Te-pi_0208.jpg,pituitary,pituitary,Correct
Te-no_0155.jpg,notumor,notumor,Correct
Te-gl_0075.jpg,glioma,glioma,Correct
Te-gl_0098.jpg,glioma,glioma,Correct
Te-pi_0033.jpg,pituitary,pituitary,Correct
Te-gl_0289.jpg,glioma,glioma,Correct
Te-gl_0236.jpg,glioma,meningioma,Wrong
Te-gl_0299.jpg,glioma,glioma,Correct
Te-gl_0173.jpg,glioma,glioma,Correct
Te-me_0246.jpg,meningioma,meningioma,Correct
Te-gl_0164.jpg,glioma,glioma,Correct
Te-gl_0046.jpg,glioma,meningioma,Wrong
Te-me_0201.jpg,meningioma,meningioma,Correct
Te-pi_0093.jpg,pituitary,pituitary,Correct
Te-pi_0118.jpg,pituitary,pituitary,Correct
Te-pi_0149.jpg,pituitary,pituitary,Correct
Te-no_0041.jpg,notumor,notumor,Correct
Te-no_0262.jpg,notumor,notumor,Correct
Te-me_0070.jpg,meningioma,meningioma,Correct
Te-pi_0299.jpg,pituitary,pituitary,Correct
Te-no_0278.jpg,notumor,notumor,Correct
Te-me_0289.jpg,meningioma,meningioma,Correct
Te-me_0079.jpg,meningioma,meningioma,Correct
Te-no_0233.jpg,notumor,notumor,Correct
Te-me_0264.jpg,meningioma,meningioma,Correct
Te-me_0073.jpg,meningioma,meningioma,Correct
Te-me_0062.jpg,meningioma,meningioma,Correct
Te-no_0222.jpg,notumor,notumor,Correct
Te-no_0218.jpg,notumor,notumor,Correct
Te-no_0384.jpg,notumor,notumor,Correct
Te-me_0086.jpg,meningioma,meningioma,Correct
Te-me_0271.jpg,meningioma,meningioma,Correct
Te-pi_0255.jpg,pituitary,pituitary,Correct
Te-me_0217.jpg,meningioma,glioma,Wrong
Te-pi_0196.jpg,pituitary,pituitary,Correct
Te-pi_0176.jpg,pituitary,pituitary,Correct
Te-pi_0215.jpg,pituitary,pituitary,Correct
Te-no_0157.jpg,notumor,notumor,Correct
Te-me_0305.jpg,meningioma,meningioma,Correct
Te-pi_0072.jpg,pituitary,pituitary,Correct
Te-no_0343.jpg,notumor,notumor,Correct
Te-gl_0246.jpg,glioma,glioma,Correct
Te-meTr_0002.jpg,meningioma,notumor,Wrong
Te-no_0070.jpg,notumor,notumor,Correct
Te-no_0167.jpg,notumor,notumor,Correct
Te-no_0206.jpg,notumor,notumor,Correct
Te-pi_0018.jpg,pituitary,pituitary,Correct
Te-pi_0142.jpg,pituitary,pituitary,Correct
Te-pi_0042.jpg,pituitary,pituitary,Correct
Te-no_0089.jpg,notumor,notumor,Correct
Te-pi_0257.jpg,pituitary,pituitary,Correct
Te-me_0117.jpg,meningioma,meningioma,Correct
Te-no_0241.jpg,notumor,notumor,Correct
Te-gl_0016.jpg,glioma,glioma,Correct
Te-me_0215.jpg,meningioma,meningioma,Correct
Te-no_0065.jpg,notumor,notumor,Correct
Te-me_0020.jpg,meningioma,meningioma,Correct
Te-pi_0036.jpg,pituitary,pituitary,Correct
Te-pi_0189.jpg,pituitary,pituitary,Correct
Te-me_0248.jpg,meningioma,meningioma,Correct
Te-no_0300.jpg,notumor,notumor,Correct
Te-gl_0299.jpg,glioma,glioma,Correct
Te-no_0235.jpg,notumor,notumor,Correct
Te-gl_0079.jpg,glioma,glioma,Correct
Te-me_0250.jpg,meningioma,glioma,Wrong
Te-no_0193.jpg,notumor,notumor,Correct
Te-gl_0054.jpg,glioma,glioma,Correct
Te-pi_0019.jpg,pituitary,pituitary,Correct
Te-pi_0184.jpg,pituitary,pituitary,Correct
Te-me_0137.jpg,meningioma,meningioma,Correct
Te-gl_0283.jpg,glioma,glioma,Correct
Te-me_0091.jpg,meningioma,notumor,Wrong
Te-pi_0089.jpg,pituitary,pituitary,Correct
Te-gl_0035.jpg,glioma,glioma,Correct
Te-gl_0292.jpg,glioma,glioma,Correct
Te-me_0226.jpg,meningioma,meningioma,Correct
Te-gl_0285.jpg,glioma,glioma,Correct
Te-me_0230.jpg,meningioma,meningioma,Correct
Te-gl_0256.jpg,glioma,meningioma,Wrong
Te-no_0151.jpg,notumor,notumor,Correct
Te-pi_0043.jpg,pituitary,pituitary,Correct
Te-pi_0240.jpg,pituitary,pituitary,Correct
Te-gl_0089.jpg,glioma,glioma,Correct
Te-me_0237.jpg,meningioma,meningioma,Correct
Te-pi_0260.jpg,pituitary,pituitary,Correct
Te-no_0098.jpg,notumor,notumor,Correct
Te-piTr_0002.jpg,pituitary,meningioma,Wrong
Te-no_0034.jpg,notumor,notumor,Correct
Te-no_0074.jpg,notumor,notumor,Correct
Te-pi_0151.jpg,pituitary,pituitary,Correct
Te-no_0032.jpg,notumor,notumor,Correct
Te-pi_0196.jpg,pituitary,pituitary,Correct
Te-gl_0065.jpg,glioma,glioma,Correct
Te-me_0035.jpg,meningioma,meningioma,Correct
Te-pi_0217.jpg,pituitary,pituitary,Correct
Te-pi_0287.jpg,pituitary,pituitary,Correct
Te-no_0269.jpg,notumor,notumor,Correct
Te-pi_0185.jpg,pituitary,pituitary,Correct
Te-no_0169.jpg,notumor,notumor,Correct
Te-no_0137.jpg,notumor,notumor,Correct
Te-pi_0215.jpg,pituitary,pituitary,Correct
Te-no_0111.jpg,notumor,notumor,Correct
Te-pi_0117.jpg,pituitary,pituitary,Correct
Te-me_0124.jpg,meningioma,glioma,Wrong
Te-gl_0063.jpg,glioma,glioma,Correct
Te-pi_0256.jpg,pituitary,pituitary,Correct
Te-gl_0102.jpg,glioma,glioma,Correct
Te-no_0386.jpg,notumor,notumor,Correct
Te-gl_0115.jpg,glioma,glioma,Correct
Te-no_0278.jpg,notumor,notumor,Correct
Te-pi_0048.jpg,pituitary,pituitary,Correct
Te-no_0103.jpg,notumor,notumor,Correct
Te-no_0016.jpg,notumor,notumor,Correct
Te-gl_0160.jpg,glioma,glioma,Correct
Te-pi_0166.jpg,pituitary,pituitary,Correct
Te-gl_0038.jpg,glioma,glioma,Correct
Te-me_0014.jpg,meningioma,notumor,Wrong
Te-gl_0185.jpg,glioma,glioma,Correct
Te-pi_0046.jpg,pituitary,pituitary,Correct
Te-me_0185.jpg,meningioma,meningioma,Correct
Te-me_0037.jpg,meningioma,meningioma,Correct
Te-pi_0096.jpg,pituitary,pituitary,Correct
Te-pi_0292.jpg,pituitary,pituitary,Correct
Te-me_0130.jpg,meningioma,meningioma,Correct
Te-gl_0191.jpg,glioma,glioma,Correct
Te-gl_0132.jpg,glioma,glioma,Correct
Te-gl_0176.jpg,glioma,glioma,Correct
Te-me_0114.jpg,meningioma,notumor,Wrong
Te-me_0113.jpg,meningioma,meningioma,Correct
Te-gl_0065.jpg,glioma,glioma,Correct
Te-me_0190.jpg,meningioma,meningioma,Correct
Te-gl_0030.jpg,glioma,meningioma,Wrong
Te-me_0245.jpg,meningioma,meningioma,Correct
Te-me_0025.jpg,meningioma,meningioma,Correct
Te-pi_0213.jpg,pituitary,pituitary,Correct
Te-me_0293.jpg,meningioma,meningioma,Correct
Te-me_0199.jpg,meningioma,meningioma,Correct
Te-piTr_0005.jpg,pituitary,pituitary,Correct
Te-pi_0268.jpg,pituitary,pituitary,Correct
Te-gl_0293.jpg,glioma,glioma,Correct
Te-me_0020.jpg,meningioma,meningioma,Correct
Te-no_0235.jpg,notumor,notumor,Correct
Te-no_0084.jpg,notumor,notumor,Correct
Te-gl_0246.jpg,glioma,glioma,Correct
Te-no_0057.jpg,notumor,notumor,Correct
Te-me_0264.jpg,meningioma,meningioma,Correct
Te-no_0095.jpg,notumor,glioma,Wrong
Te-glTr_0001.jpg,glioma,pituitary,Wrong
Te-no_0318.jpg,notumor,notumor,Correct
Te-glTr_0004.jpg,glioma,glioma,Correct
Te-gl_0068.jpg,glioma,meningioma,Wrong
Te-me_0246.jpg,meningioma,meningioma,Correct
Te-me_0181.jpg,meningioma,meningioma,Correct
Te-gl_0113.jpg,glioma,glioma,Correct
Te-me_0261.jpg,meningioma,meningioma,Correct
Te-gl_0256.jpg,glioma,meningioma,Wrong
Te-me_0244.jpg,meningioma,meningioma,Correct
Te-pi_0281.jpg,pituitary,pituitary,Correct
Te-pi_0153.jpg,pituitary,pituitary,Correct
Te-gl_0035.jpg,glioma,glioma,Correct
Te-me_0295.jpg,meningioma,meningioma,Correct
Te-pi_0298.jpg,pituitary,pituitary,Correct
Te-pi_0029.jpg,pituitary,glioma,Wrong
Te-pi_0121.jpg,pituitary,pituitary,Correct
Te-gl_0277.jpg,glioma,glioma,Correct
Te-no_0202.jpg,notumor,notumor,Correct
Te-no_0259.jpg,notumor,notumor,Correct
Te-pi_0035.jpg,pituitary,pituitary,Correct
Te-me_0156.jpg,meningioma,meningioma,Correct
Te-pi_0077.jpg,pituitary,pituitary,Correct
Te-no_0320.jpg,notumor,notumor,Correct
Te-no_0198.jpg,notumor,notumor,Correct
Te-pi_0223.jpg,pituitary,pituitary,Correct
Te-no_0319.jpg,notumor,notumor,Correct
Te-gl_0040.jpg,glioma,glioma,Correct
Te-pi_0109.jpg,pituitary,pituitary,Correct
Te-me_0027.jpg,meningioma,meningioma,Correct
Te-pi_0293.jpg,pituitary,pituitary,Correct
Te-gl_0068.jpg,glioma,meningioma,Wrong
Te-gl_0264.jpg,glioma,glioma,Correct
Te-me_0156.jpg,meningioma,meningioma,Correct
Te-pi_0063.jpg,pituitary,pituitary,Correct
Te-gl_0290.jpg,glioma,glioma,Correct
Te-no_0035.jpg,notumor,notumor,Correct
Te-piTr_0000.jpg,pituitary,pituitary,Correct
Te-pi_0237.jpg,pituitary,pituitary,Correct
Te-me_0243.jpg,meningioma,meningioma,Correct
Te-gl_0284.jpg,glioma,glioma,Correct
Te-me_0050.jpg,meningioma,meningioma,Correct
Te-no_0379.jpg,notumor,notumor,Correct
Te-pi_0052.jpg,pituitary,pituitary,Correct
Te-pi_0220.jpg,pituitary,pituitary,Correct
Te-me_0018.jpg,meningioma,meningioma,Correct
Te-gl_0217.jpg,glioma,glioma,Correct
Te-no_0226.jpg,notumor,notumor,Correct
Te-gl_0125.jpg,glioma,meningioma,Wrong
Te-me_0290.jpg,meningioma,meningioma,Correct
Te-pi_0119.jpg,pituitary,pituitary,Correct
Te-me_0050.jpg,meningioma,meningioma,Correct
Te-me_0066.jpg,meningioma,meningioma,Correct
Te-meTr_0005.jpg,meningioma,meningioma,Correct
Te-no_0327.jpg,notumor,notumor,Correct
Te-pi_0044.jpg,pituitary,pituitary,Correct
Te-no_0154.jpg,notumor,notumor,Correct
Te-gl_0293.jpg,glioma,glioma,Correct
Te-me_0139.jpg,meningioma,meningioma,Correct
Te-gl_0062.jpg,glioma,glioma,Correct
Te-gl_0164.jpg,glioma,glioma,Correct
Te-me_0200.jpg,meningioma,meningioma,Correct
Te-pi_0259.jpg,pituitary,pituitary,Correct
Te-pi_0240.jpg,pituitary,pituitary,Correct
Te-gl_0035.jpg,glioma,glioma,Correct
Te-no_0072.jpg,notumor,notumor,Correct
Te-me_0040.jpg,meningioma,meningioma,Correct
Te-no_0301.jpg,notumor,notumor,Correct
Te-me_0109.jpg,meningioma,meningioma,Correct
Te-gl_0061.jpg,glioma,glioma,Correct
Te-no_0127.jpg,notumor,notumor,Correct
Te-no_0105.jpg,notumor,notumor,Correct
Te-me_0077.jpg,meningioma,meningioma,Correct
Te-gl_0146.jpg,glioma,glioma,Correct
Te-me_0230.jpg,meningioma,meningioma,Correct
Te-me_0197.jpg,meningioma,meningioma,Correct
Te-me_0191.jpg,meningioma,meningioma,Correct
Te-gl_0248.jpg,glioma,glioma,Correct
Te-me_0095.jpg,meningioma,meningioma,Correct
Te-pi_0141.jpg,pituitary,pituitary,Correct
Te-pi_0016.jpg,pituitary,pituitary,Correct
Te-pi_0033.jpg,pituitary,pituitary,Correct
Te-gl_0119.jpg,glioma,glioma,Correct
Te-me_0064.jpg,meningioma,notumor,Wrong
Te-gl_0125.jpg,glioma,meningioma,Wrong
Te-me_0261.jpg,meningioma,meningioma,Correct
Te-no_0281.jpg,notumor,notumor,Correct
Te-no_0313.jpg,notumor,notumor,Correct
Te-me_0220.jpg,meningioma,meningioma,Correct
Te-pi_0141.jpg,pituitary,pituitary,Correct
Te-me_0175.jpg,meningioma,meningioma,Correct
Te-gl_0090.jpg,glioma,glioma,Correct
Te-pi_0167.jpg,pituitary,pituitary,Correct
Te-no_0353.jpg,notumor,notumor,Correct
Te-gl_0065.jpg,glioma,glioma,Correct
Te-gl_0259.jpg,glioma,glioma,Correct
Te-pi_0085.jpg,pituitary,pituitary,Correct
Te-gl_0274.jpg,glioma,glioma,Correct
Te-pi_0234.jpg,pituitary,pituitary,Correct
Te-pi_0188.jpg,pituitary,pituitary,Correct
Te-me_0261.jpg,meningioma,meningioma,Correct
Te-pi_0289.jpg,pituitary,pituitary,Correct
Te-pi_0044.jpg,pituitary,pituitary,Correct
Te-pi_0297.jpg,pituitary,pituitary,Correct
Te-no_0046.jpg,notumor,notumor,Correct
Te-no_0259.jpg,notumor,notumor,Correct
Te-gl_0101.jpg,glioma,glioma,Correct
Te-pi_0019.jpg,pituitary,pituitary,Correct
Te-pi_0245.jpg,pituitary,pituitary,Correct
Te-pi_0239.jpg,pituitary,pituitary,Correct
Te-me_0286.jpg,meningioma,meningioma,Correct
Te-gl_0137.jpg,glioma,glioma,Correct
Te-no_0072.jpg,notumor,notumor,Correct
Te-gl_0204.jpg,glioma,glioma,Correct
Te-no_0232.jpg,notumor,notumor,Correct
Te-pi_0163.jpg,pituitary,pituitary,Correct
Te-gl_0257.jpg,glioma,glioma,Correct
Te-me_0166.jpg,meningioma,meningioma,Correct
Te-me_0283.jpg,meningioma,meningioma,Correct
Te-pi_0172.jpg,pituitary,pituitary,Correct
Te-pi_0268.jpg,pituitary,pituitary,Correct
Te-pi_0085.jpg,pituitary,pituitary,Correct
Te-gl_0144.jpg,glioma,glioma,Correct
Te-gl_0248.jpg,glioma,glioma,Correct
Te-gl_0186.jpg,glioma,glioma,Correct
Te-me_0288.jpg,meningioma,meningioma,Correct
Te-me_0238.jpg,meningioma,meningioma,Correct
Te-gl_0236.jpg,glioma,meningioma,Wrong
Te-gl_0022.jpg,glioma,glioma,Correct
Te-gl_0096.jpg,glioma,glioma,Correct
Te-pi_0235.jpg,pituitary,pituitary,Correct
Te-no_0064.jpg,notumor,notumor,Correct
Te-pi_0107.jpg,pituitary,pituitary,Correct
Te-pi_0087.jpg,pituitary,pituitary,Correct
Te-pi_0115.jpg,pituitary,pituitary,Correct
Te-pi_0269.jpg,pituitary,pituitary,Correct
Te-no_0206.jpg,notumor,notumor,Correct
Te-gl_0266.jpg,glioma,meningioma,Wrong
Te-pi_0029.jpg,pituitary,glioma,Wrong
Te-no_0120.jpg,notumor,notumor,Correct
Te-me_0202.jpg,meningioma,meningioma,Correct
Te-me_0274.jpg,meningioma,glioma,Wrong
Te-gl_0277.jpg,glioma,glioma,Correct
Te-no_0317.jpg,notumor,notumor,Correct
Te-pi_0267.jpg,pituitary,pituitary,Correct
Te-no_0022.jpg,notumor,notumor,Correct
Te-gl_0152.jpg,glioma,glioma,Correct
Te-gl_0232.jpg,glioma,meningioma,Wrong
Te-gl_0041.jpg,glioma,glioma,Correct
Te-me_0133.jpg,meningioma,meningioma,Correct
Te-no_0053.jpg,notumor,notumor,Correct
Te-gl_0189.jpg,glioma,glioma,Correct
Te-gl_0190.jpg,glioma,glioma,Correct
Te-gl_0032.jpg,glioma,glioma,Correct
Te-no_0180.jpg,notumor,notumor,Correct
Te-me_0204.jpg,meningioma,meningioma,Correct
Te-me_0260.jpg,meningioma,meningioma,Correct
Te-pi_0030.jpg,pituitary,pituitary,Correct
Te-pi_0144.jpg,pituitary,pituitary,Correct
Te-pi_0101.jpg,pituitary,pituitary,Correct
Te-no_0202.jpg,notumor,notumor,Correct
Te-piTr_0000.jpg,pituitary,pituitary,Correct
Te-pi_0215.jpg,pituitary,pituitary,Correct
Te-me_0212.jpg,meningioma,meningioma,Correct
Te-no_0367.jpg,notumor,notumor,Correct
Te-no_0041.jpg,notumor,notumor,Correct
Te-gl_0124.jpg,glioma,glioma,Correct
Te-me_0217.jpg,meningioma,glioma,Wrong
Te-pi_0192.jpg,pituitary,pituitary,Correct
Te-me_0227.jpg,meningioma,meningioma,Correct
Te-gl_0184.jpg,glioma,glioma,Correct
Te-no_0268.jpg,notumor,notumor,Correct
Te-gl_0103.jpg,glioma,glioma,Correct
Te-me_0209.jpg,meningioma,meningioma,Correct
Te-me_0113.jpg,meningioma,meningioma,Correct
Te-me_0134.jpg,meningioma,meningioma,Correct
Te-no_0118.jpg,notumor,notumor,Correct
Te-gl_0137.jpg,glioma,glioma,Correct
Te-gl_0137.jpg,glioma,glioma,Correct
Te-gl_0028.jpg,glioma,glioma,Correct
Te-no_0232.jpg,notumor,notumor,Correct
Te-gl_0226.jpg,glioma,glioma,Correct
Te-me_0197.jpg,meningioma,meningioma,Correct
Te-gl_0187.jpg,glioma,glioma,Correct
Te-no_0233.jpg,notumor,notumor,Correct
Te-no_0103.jpg,notumor,notumor,Correct
Te-gl_0287.jpg,glioma,glioma,Correct
Te-no_0334.jpg,notumor,notumor,Correct
Te-me_0170.jpg,meningioma,pituitary,Wrong
Te-me_0075.jpg,meningioma,meningioma,Correct
Te-me_0259.jpg,meningioma,meningioma,Correct
Te-gl_0175.jpg,glioma,meningioma,Wrong
Te-gl_0225.jpg,glioma,glioma,Correct
Te-pi_0236.jpg,pituitary,pituitary,Correct
Te-me_0302.jpg,meningioma,meningioma,Correct
Te-me_0195.jpg,meningioma,meningioma,Correct
Te-me_0184.jpg,meningioma,meningioma,Correct
Te-no_0070.jpg,notumor,notumor,Correct
Te-me_0017.jpg,meningioma,meningioma,Correct
Te-gl_0217.jpg,glioma,glioma,Correct
Te-me_0043.jpg,meningioma,meningioma,Correct
Te-me_0059.jpg,meningioma,notumor,Wrong
Te-no_0143.jpg,notumor,notumor,Correct
Te-no_0019.jpg,notumor,notumor,Correct
Te-me_0234.jpg,meningioma,meningioma,Correct
Te-me_0160.jpg,meningioma,meningioma,Correct
Te-gl_0136.jpg,glioma,glioma,Correct
Te-no_0276.jpg,notumor,notumor,Correct
Te-me_0244.jpg,meningioma,meningioma,Correct
Te-pi_0190.jpg,pituitary,pituitary,Correct
Te-no_0053.jpg,notumor,notumor,Correct
Te-gl_0022.jpg,glioma,glioma,Correct
Te-gl_0095.jpg,glioma,glioma,Correct
Te-pi_0057.jpg,pituitary,pituitary,Correct
Te-gl_0181.jpg,glioma,glioma,Correct
Te-no_0374.jpg,notumor,notumor,Correct
Te-no_0265.jpg,notumor,notumor,Correct
Te-gl_0279.jpg,glioma,glioma,Correct
Te-gl_0022.jpg,glioma,glioma,Correct
Te-me_0257.jpg,meningioma,meningioma,Correct
Te-no_0334.jpg,notumor,notumor,Correct
Te-no_0080.jpg,notumor,notumor,Correct
Te-gl_0255.jpg,glioma,glioma,Correct
Te-pi_0218.jpg,pituitary,pituitary,Correct
Te-pi_0165.jpg,pituitary,pituitary,Correct
Te-gl_0208.jpg,glioma,glioma,Correct
Te-pi_0190.jpg,pituitary,pituitary,Correct
Te-gl_0195.jpg,glioma,glioma,Correct
Te-me_0139.jpg,meningioma,meningioma,Correct
Te-no_0170.jpg,notumor,notumor,Correct
Te-no_0186.jpg,notumor,notumor,Correct
Te-gl_0255.jpg,glioma,glioma,Correct
Te-no_0114.jpg,notumor,notumor,Correct
Te-gl_0134.jpg,glioma,glioma,Correct
Te-me_0195.jpg,meningioma,meningioma,Correct
Te-me_0293.jpg,meningioma,meningioma,Correct
Te-pi_0176.jpg,pituitary,pituitary,Correct
Te-me_0146.jpg,meningioma,glioma,Wrong
Te-me_0224.jpg,meningioma,meningioma,Correct
Te-gl_0071.jpg,glioma,glioma,Correct
Te-no_0303.jpg,notumor,notumor,Correct
Te-gl_0015.jpg,glioma,glioma,Correct
Te-me_0281.jpg,meningioma,meningioma,Correct
Te-gl_0234.jpg,glioma,meningioma,Wrong
Te-gl_0067.jpg,glioma,glioma,Correct
Te-pi_0275.jpg,pituitary,pituitary,Correct
Te-piTr_0002.jpg,pituitary,meningioma,Wrong
Te-gl_0086.jpg,glioma,glioma,Correct
Te-gl_0197.jpg,glioma,glioma,Correct
Te-gl_0079.jpg,glioma,glioma,Correct
Te-pi_0291.jpg,pituitary,pituitary,Correct
Te-gl_0234.jpg,glioma,meningioma,Wrong
Te-pi_0274.jpg,pituitary,pituitary,Correct
Te-me_0043.jpg,meningioma,meningioma,Correct
Te-no_0025.jpg,notumor,notumor,Correct
Te-me_0283.jpg,meningioma,meningioma,Correct
Te-no_0389.jpg,notumor,notumor,Correct
Te-no_0232.jpg,notumor,notumor,Correct
Te-no_0098.jpg,notumor,notumor,Correct
Te-no_0327.jpg,notumor,notumor,Correct
Te-no_0272.jpg,notumor,notumor,Correct
Te-gl_0252.jpg,glioma,meningioma,Wrong
Te-pi_0298.jpg,pituitary,pituitary,Correct
Te-gl_0102.jpg,glioma,glioma,Correct
Te-me_0058.jpg,meningioma,meningioma,Correct
Te-pi_0012.jpg,pituitary,pituitary,Correct
Te-gl_0051.jpg,glioma,glioma,Correct
Te-no_0341.jpg,notumor,notumor,Correct
Te-me_0160.jpg,meningioma,meningioma,Correct
Te-gl_0107.jpg,glioma,glioma,Correct
Te-no_0202.jpg,notumor,notumor,Correct
Te-no_0382.jpg,notumor,notumor,Correct
Te-me_0219.jpg,meningioma,meningioma,Correct
Te-gl_0226.jpg,glioma,glioma,Correct
Te-gl_0014.jpg,glioma,glioma,Correct
Te-no_0129.jpg,notumor,notumor,Correct
Te-gl_0057.jpg,glioma,glioma,Correct
Te-pi_0133.jpg,pituitary,pituitary,Correct
Te-me_0017.jpg,meningioma,meningioma,Correct
Te-no_0272.jpg,notumor,notumor,Correct
Te-gl_0295.jpg,glioma,glioma,Correct
Te-pi_0021.jpg,pituitary,pituitary,Correct
Te-pi_0266.jpg,pituitary,pituitary,Correct
Te-pi_0028.jpg,pituitary,pituitary,Correct
Te-me_0199.jpg,meningioma,meningioma,Correct
Te-me_0125.jpg,meningioma,meningioma,Correct
Te-no_0053.jpg,notumor,notumor,Correct
Te-pi_0273.jpg,pituitary,pituitary,Correct
Te-no_0047.jpg,notumor,notumor,Correct
Te-gl_0044.jpg,glioma,meningioma,Wrong
Te-no_0122.jpg,notumor,notumor,Correct
Te-me_0178.jpg,meningioma,glioma,Wrong
Te-pi_0296.jpg,pituitary,pituitary,Correct
Te-me_0129.jpg,meningioma,meningioma,Correct
Te-pi_0149.jpg,pituitary,pituitary,Correct
Te-me_0130.jpg,meningioma,meningioma,Correct
Te-gl_0129.jpg,glioma,glioma,Correct
Te-pi_0134.jpg,pituitary,pituitary,Correct
Te-gl_0233.jpg,glioma,meningioma,Wrong
Te-me_0098.jpg,meningioma,meningioma,Correct
Te-me_0034.jpg,meningioma,meningioma,Correct
Te-pi_0268.jpg,pituitary,pituitary,Correct
Te-pi_0067.jpg,pituitary,pituitary,Correct
Te-me_0277.jpg,meningioma,meningioma,Correct
Te-me_0042.jpg,meningioma,meningioma,Correct
Te-me_0112.jpg,meningioma,meningioma,Correct
Te-gl_0019.jpg,glioma,meningioma,Wrong
Te-me_0059.jpg,meningioma,notumor,Wrong
Te-me_0167.jpg,meningioma,meningioma,Correct
Te-pi_0161.jpg,pituitary,pituitary,Correct
Te-no_0401.jpg,notumor,notumor,Correct
Te-me_0186.jpg,meningioma,meningioma,Correct
Te-gl_0273.jpg,glioma,pituitary,Wrong
Te-me_0169.jpg,meningioma,meningioma,Correct
Te-no_0356.jpg,notumor,notumor,Correct
Te-gl_0215.jpg,glioma,glioma,Correct
Te-no_0171.jpg,notumor,notumor,Correct
Te-me_0227.jpg,meningioma,meningioma,Correct
Te-no_0137.jpg,notumor,notumor,Correct
Te-me_0109.jpg,meningioma,meningioma,Correct
Te-me_0244.jpg,meningioma,meningioma,Correct
Te-gl_0015.jpg,glioma,glioma,Correct
Te-gl_0202.jpg,glioma,glioma,Correct
Te-me_0210.jpg,meningioma,meningioma,Correct
Te-me_0231.jpg,meningioma,pituitary,Wrong
Te-no_0286.jpg,notumor,notumor,Correct
Te-pi_0048.jpg,pituitary,pituitary,Correct
Te-pi_0150.jpg,pituitary,pituitary,Correct
Te-me_0230.jpg,meningioma,meningioma,Correct
Te-gl_0044.jpg,glioma,meningioma,Wrong
Te-gl_0135.jpg,glioma,glioma,Correct
Te-gl_0248.jpg,glioma,glioma,Correct
Te-no_0274.jpg,notumor,notumor,Correct
Te-no_0350.jpg,notumor,notumor,Correct
Te-gl_0051.jpg,glioma,glioma,Correct
Te-gl_0296.jpg,glioma,glioma,Correct
Te-gl_0060.jpg,glioma,glioma,Correct
Te-no_0264.jpg,notumor,notumor,Correct
Te-me_0281.jpg,meningioma,meningioma,Correct
Te-pi_0024.jpg,pituitary,pituitary,Correct
Te-pi_0288.jpg,pituitary,pituitary,Correct
Te-no_0133.jpg,notumor,notumor,Correct
Te-me_0094.jpg,meningioma,meningioma,Correct
Te-me_0227.jpg,meningioma,meningioma,Correct
Te-gl_0079.jpg,glioma,glioma,Correct
Te-gl_0098.jpg,glioma,glioma,Correct
Te-gl_0028.jpg,glioma,glioma,Correct
Te-gl_0069.jpg,glioma,glioma,Correct
Te-me_0231.jpg,meningioma,pituitary,Wrong
Te-gl_0279.jpg,glioma,glioma,Correct
Te-gl_0124.jpg,glioma,glioma,Correct
Te-pi_0189.jpg,pituitary,pituitary,Correct
Te-no_0054.jpg,notumor,notumor,Correct
Te-no_0356.jpg,notumor,notumor,Correct
Te-me_0119.jpg,meningioma,meningioma,Correct
Te-gl_0098.jpg,glioma,glioma,Correct
Te-gl_0150.jpg,glioma,glioma,Correct
Te-no_0176.jpg,notumor,notumor,Correct
Te-no_0053.jpg,notumor,notumor,Correct
Te-pi_0169.jpg,pituitary,pituitary,Correct
Te-me_0272.jpg,meningioma,meningioma,Correct
Te-me_0092.jpg,meningioma,meningioma,Correct
Te-no_0103.jpg,notumor,notumor,Correct
Te-pi_0191.jpg,pituitary,pituitary,Correct
Te-me_0249.jpg,meningioma,meningioma,Correct
Te-gl_0031.jpg,glioma,glioma,Correct
Te-pi_0221.jpg,pituitary,pituitary,Correct
Te-meTr_0009.jpg,meningioma,meningioma,Correct
Te-pi_0095.jpg,pituitary,pituitary,Correct
Te-no_0342.jpg,notumor,notumor,Correct
Te-gl_0161.jpg,glioma,glioma,Correct
Te-pi_0209.jpg,pituitary,pituitary,Correct
Te-me_0150.jpg,meningioma,meningioma,Correct
Te-me_0193.jpg,meningioma,meningioma,Correct
Te-gl_0209.jpg,glioma,glioma,Correct
Te-gl_0200.jpg,glioma,glioma,Correct
Te-no_0263.jpg,notumor,notumor,Correct
Te-gl_0114.jpg,glioma,glioma,Correct
Te-gl_0286.jpg,glioma,glioma,Correct
Te-me_0263.jpg,meningioma,glioma,Wrong
Te-gl_0219.jpg,glioma,glioma,Correct
Te-no_0103.jpg,notumor,notumor,Correct
Te-no_0192.jpg,notumor,notumor,Correct
Te-no_0399.jpg,notumor,notumor,Correct
Te-no_0260.jpg,notumor,notumor,Correct
Te-me_0235.jpg,meningioma,meningioma,Correct
Te-me_0238.jpg,meningioma,meningioma,Correct
Te-no_0308.jpg,notumor,notumor,Correct
Te-no_0252.jpg,notumor,notumor,Correct
Te-gl_0057.jpg,glioma,glioma,Correct
Te-gl_0023.jpg,glioma,glioma,Correct
Te-gl_0086.jpg,glioma,glioma,Correct
Te-gl_0045.jpg,glioma,meningioma,Wrong
Te-pi_0248.jpg,pituitary,pituitary,Correct
Te-gl_0255.jpg,glioma,glioma,Correct
Te-gl_0105.jpg,glioma,glioma,Correct
Te-no_0315.jpg,notumor,notumor,Correct
Te-gl_0204.jpg,glioma,glioma,Correct
Te-no_0389.jpg,notumor,notumor,Correct
Te-gl_0106.jpg,glioma,glioma,Correct
Te-no_0157.jpg,notumor,notumor,Correct
Te-pi_0211.jpg,pituitary,pituitary,Correct
Te-gl_0224.jpg,glioma,pituitary,Wrong
Te-pi_0108.jpg,pituitary,pituitary,Correct
Te-pi_0215.jpg,pituitary,pituitary,Correct
Te-no_0118.jpg,notumor,notumor,Correct
Te-no_0347.jpg,notumor,notumor,Correct
Te-me_0177.jpg,meningioma,meningioma,Correct
Te-gl_0116.jpg,glioma,glioma,Correct
Te-me_0101.jpg,meningioma,notumor,Wrong
Te-gl_0296.jpg,glioma,glioma,Correct
Te-pi_0249.jpg,pituitary,pituitary,Correct
Te-gl_0082.jpg,glioma,glioma,Correct
Te-me_0284.jpg,meningioma,meningioma,Correct
Te-me_0049.jpg,meningioma,meningioma,Correct
Te-me_0015.jpg,meningioma,meningioma,Correct
Te-gl_0164.jpg,glioma,glioma,Correct
Te-no_0072.jpg,notumor,notumor,Correct
Te-no_0375.jpg,notumor,notumor,Correct
Te-no_0251.jpg,notumor,notumor,Correct
Te-pi_0119.jpg,pituitary,pituitary,Correct
Te-me_0032.jpg,meningioma,meningioma,Correct
Te-gl_0066.jpg,glioma,glioma,Correct
Te-gl_0285.jpg,glioma,glioma,Correct
Te-gl_0212.jpg,glioma,glioma,Correct
